min_leaf_size,absolute_error
0,0.056
1,0.056
2,0.02528
3,0.02016
4,0.02016
5,0.02016
