min_leaf_size,mean_squared_error
0,0.024
1,0.024
2,0.02528
3,0.02016
4,0.02016
5,0.02016
